{
	"format_version": "1.8.0",
	"animations": {
		"animation.missingnoghost.ground_idle": {
			"loop": true,
			"animation_length": 3,
			"bones": {
				"hand": {
					"position": {
						"0.0": [0, 0.53125, 0],
						"1.0": [0, 3.3425, 0],
						"2.0": [0, -0.285, 0],
						"3.0": [0, 0.53125, 0]
					}
				},
				"hand2": {
					"position": {
						"0.0": [0, -0.53125, 0],
						"1.0": [0, 4.345, 0],
						"2.0": [0, 1.06875, 0],
						"3.0": [0, -0.53125, 0]
					}
				},
				"head": {
					"position": {
						"0.0": [0, 1, 0],
						"1.0": [0, 4.15625, 0],
						"2.0": [0, 0.75375, 0],
						"3.0": [0, 1, 0]
					}
				},
				"bone2": {
					"position": {
						"0.0": [0, 0, 0],
						"1.0": [0, 3.1875, 0],
						"2.0": [0, -0.21625, 0],
						"3.0": [0, 0, 0]
					}
				},
				"bone3": {
					"position": {
						"0.0": [0, -0.5, 0],
						"1.0": [0, 3.15625, 0],
						"2.0": [0, -1.74625, 0],
						"3.0": [0, -0.5, 0]
					}
				},
				"bone4": {
					"position": {
						"0.0": [0, -0.25, 0],
						"1.0": [0, 3.625, 0],
						"2.0": [0, -1.71375, 0],
						"3.0": [0, -0.25, 0]
					}
				},
				"face": {
					"position": {
						"0.0": [0, 0, 0],
						"1.0": [0, 2.53125, 0],
						"2.0": [0, -0.0325, 0],
						"3.0": [0, 0, 0]
					}
				}
			}
		},
		"animation.missingnoghost.ground_walk": {
			"loop": true
		},
		"animation.missingnoghost.faint": {
			"loop": true
		}
	}
}